year,party,pct_won,state_dist
2014,R,68.16,AL-1
2014,R,67.34,AL-2
2014,R,66.12,AL-3
2014,R,98.57,AL-4
2014,R,74.42,AL-5
2014,R,76.18,AL-6
2014,D,98.37,AL-7
2016,R,96.38,AL-1
2016,R,48.77,AL-2
2016,R,66.93,AL-3
2016,R,98.53,AL-4
2016,R,66.7,AL-5
2016,R,74.49,AL-6
2016,D,98.41,AL-7
2018,R,63.16,AL-1
2018,R,61.39,AL-2
2018,R,63.72,AL-3
2018,R,79.77,AL-4
2018,R,61.02,AL-5
2018,R,69.18,AL-6
2018,D,97.8,AL-7
2014,R,50.97,AK-0
2016,R,50.32,AK-0
2018,R,53.08,AK-0
2014,D,52.61,AZ-1
2014,R,50.01,AZ-2
2014,D,55.72,AZ-3
2014,R,69.96,AZ-4
2014,R,69.58,AZ-5
2014,R,64.86,AZ-6
2014,D,74.85,AZ-7
2014,R,75.81,AZ-8
2014,D,54.68,AZ-9
2016,D,50.66,AZ-1
2016,R,56.96,AZ-2
2016,D,98.63,AZ-3
2016,R,71.45,AZ-4
2016,R,64.1,AZ-5
2016,R,62.13,AZ-6
2016,D,75.22,AZ-7
2016,R,68.55,AZ-8
2016,D,60.92,AZ-9
2018,D,53.83,AZ-1
2018,D,54.73,AZ-2
2018,D,63.87,AZ-3
2018,R,68.17,AZ-4
2018,R,59.42,AZ-5
2018,R,55.19,AZ-6
2018,D,85.61,AZ-7
2018,R,55.46,AZ-8
2018,D,61.09,AZ-9
2014,R,63.25,AR-1
2014,R,51.86,AR-2
2014,R,79.41,AR-3
2014,R,53.75,AR-4
2016,R,76.28,AR-1
2016,R,58.34,AR-2
2016,R,77.32,AR-3
2016,R,74.9,AR-4
2018,R,68.95,AR-1
2018,R,52.13,AR-2
2018,R,64.74,AR-3
2018,R,66.74,AR-4
2014,R,61.03,CA-1
2014,D,74.99,CA-2
2014,D,52.72,CA-3
2014,R,60.05,CA-4
2014,D,75.73,CA-5
2014,D,72.69,CA-6
2014,D,50.4,CA-7
2014,R,67.65,CA-8
2014,D,52.37,CA-9
2014,R,56.15,CA-10
2014,D,67.27,CA-11
2014,D,83.25,CA-12
2014,D,88.48,CA-13
2014,D,76.7,CA-14
2014,D,69.81,CA-15
2014,D,50.73,CA-16
2014,D,51.75,CA-17
2014,D,67.75,CA-18
2014,D,67.21,CA-19
2014,D,75.18,CA-20
2014,R,57.83,CA-21
2014,R,72.04,CA-22
2014,R,74.84,CA-23
2014,D,51.93,CA-24
2014,R,53.34,CA-25
2014,D,51.33,CA-26
2014,D,59.36,CA-27
2014,D,76.5,CA-28
2014,D,74.61,CA-29
2014,D,65.64,CA-30
2014,D,51.73,CA-31
2014,D,59.66,CA-32
2014,D,59.19,CA-33
2014,D,72.54,CA-34
2014,D,63.45,CA-35
2014,D,54.18,CA-36
2014,D,84.28,CA-37
2014,D,59.09,CA-38
2014,R,68.54,CA-39
2014,D,61.18,CA-40
2014,D,56.64,CA-41
2014,R,65.74,CA-42
2014,D,70.96,CA-43
2014,D,86.65,CA-44
2014,R,65.12,CA-45
2014,D,59.7,CA-46
2014,D,55.99,CA-47
2014,R,64.12,CA-48
2014,R,60.17,CA-49
2014,R,71.2,CA-50
2014,D,68.79,CA-51
2014,D,51.59,CA-52
2014,D,58.84,CA-53
2016,R,59.05,CA-1
2016,D,76.85,CA-2
2016,D,59.35,CA-3
2016,R,62.72,CA-4
2016,D,76.87,CA-5
2016,D,75.43,CA-6
2016,D,51.17,CA-7
2016,R,62.26,CA-8
2016,D,57.36,CA-9
2016,R,51.7,CA-10
2016,D,72.05,CA-11
2016,D,80.87,CA-12
2016,D,90.78,CA-13
2016,D,80.86,CA-14
2016,D,73.77,CA-15
2016,D,58.03,CA-16
2016,D,61.01,CA-17
2016,D,71.15,CA-18
2016,D,73.94,CA-19
2016,D,70.75,CA-20
2016,R,56.74,CA-21
2016,R,67.57,CA-22
2016,R,69.18,CA-23
2016,D,53.42,CA-24
2016,R,53.13,CA-25
2016,D,60.38,CA-26
2016,D,67.42,CA-27
2016,D,77.99,CA-28
2016,D,74.73,CA-29
2016,D,72.64,CA-30
2016,D,56.07,CA-31
2016,D,61.57,CA-32
2016,D,66.44,CA-33
2016,D,77.18,CA-34
2016,D,72.39,CA-35
2016,D,62.05,CA-36
2016,D,81.13,CA-37
2016,D,70.48,CA-38
2016,R,57.23,CA-39
2016,D,71.37,CA-40
2016,D,64.95,CA-41
2016,R,58.82,CA-42
2016,D,76.08,CA-43
2016,D,52.2,CA-44
2016,R,58.56,CA-45
2016,D,70.02,CA-46
2016,D,63.72,CA-47
2016,R,58.32,CA-48
2016,R,50.26,CA-49
2016,R,63.45,CA-50
2016,D,72.75,CA-51
2016,D,56.53,CA-52
2016,D,67.01,CA-53
2018,R,54.89,CA-1
2018,D,77.01,CA-2
2018,D,58.07,CA-3
2018,R,54.13,CA-4
2018,D,78.87,CA-5
2018,D,80.43,CA-6
2018,D,55.04,CA-7
2018,R,59.97,CA-8
2018,D,56.49,CA-9
2018,D,52.25,CA-10
2018,D,74.13,CA-11
2018,D,86.82,CA-12
2018,D,88.38,CA-13
2018,D,79.22,CA-14
2018,D,72.97,CA-15
2018,D,57.55,CA-16
2018,D,75.35,CA-17
2018,D,74.49,CA-18
2018,D,73.75,CA-19
2018,D,81.37,CA-20
2018,D,50.38,CA-21
2018,R,52.72,CA-22
2018,R,63.72,CA-23
2018,D,58.56,CA-24
2018,D,54.37,CA-25
2018,D,61.94,CA-26
2018,D,79.21,CA-27
2018,D,78.37,CA-28
2018,D,80.61,CA-29
2018,D,73.4,CA-30
2018,D,58.74,CA-31
2018,D,68.78,CA-32
2018,D,70.03,CA-33
2018,D,72.54,CA-34
2018,D,69.4,CA-35
2018,D,59.02,CA-36
2018,D,89.08,CA-37
2018,D,68.85,CA-38
2018,D,51.56,CA-39
2018,D,77.35,CA-40
2018,D,65.1,CA-41
2018,R,56.5,CA-42
2018,D,77.67,CA-43
2018,D,68.34,CA-44
2018,D,52.05,CA-45
2018,D,69.15,CA-46
2018,D,64.86,CA-47
2018,D,53.55,CA-48
2018,D,56.42,CA-49
2018,R,51.72,CA-50
2018,D,71.2,CA-51
2018,D,63.85,CA-52
2018,D,69.07,CA-53
2014,D,65.81,CO-1
2014,D,56.74,CO-2
2014,R,57.98,CO-3
2014,R,64.67,CO-4
2014,R,59.8,CO-5
2014,R,51.9,CO-6
2014,D,55.07,CO-7
2016,D,67.87,CO-1
2016,D,56.89,CO-2
2016,R,54.6,CO-3
2016,R,63.55,CO-4
2016,R,62.28,CO-5
2016,R,50.91,CO-6
2016,D,55.18,CO-7
2018,D,73.81,CO-1
2018,D,60.29,CO-2
2018,R,51.52,CO-3
2018,R,60.62,CO-4
2018,R,57.03,CO-5
2018,D,54.1,CO-6
2018,D,60.43,CO-7
2014,D,58.49,CT-1
2014,D,57.6,CT-2
2014,D,61.93,CT-3
2014,D,51.01,CT-4
2014,D,49.82,CT-5
2016,D,56.38,CT-2
2016,D,62.15,CT-3
2016,D,59.9,CT-4
2016,D,52.9,CT-5
2018,D,60.61,CT-1
2018,D,57.99,CT-2
2018,D,60.4,CT-3
2018,D,61.21,CT-4
2018,D,52.8,CT-5
2016,D,59.77,CT-1
2014,D,59.26,DE-0
2016,D,55.53,DE-0
2018,D,64.45,DE-0
2014,R,70.15,FL-1
2014,D,50.48,FL-2
2014,R,64.98,FL-3
2014,R,78.28,FL-4
2014,D,65.47,FL-5
2014,R,62.54,FL-6
2014,R,63.6,FL-7
2014,R,65.84,FL-8
2014,D,53.97,FL-9
2014,R,61.54,FL-10
2014,R,66.66,FL-11
2014,R,100.0,FL-12
2014,R,75.22,FL-13
2014,D,100.0,FL-14
2014,R,60.28,FL-15
2014,R,61.54,FL-16
2014,R,63.24,FL-17
2014,D,59.78,FL-18
2014,R,64.55,FL-19
2014,D,81.6,FL-20
2014,D,99.63,FL-21
2014,D,58.03,FL-22
2014,D,62.67,FL-23
2014,D,86.18,FL-24
2014,R,100.0,FL-25
2014,R,51.46,FL-26
2014,R,100.0,FL-27
2016,R,69.1,FL-1
2016,R,67.32,FL-2
2016,R,56.56,FL-3
2016,R,70.18,FL-4
2016,D,64.23,FL-5
2016,R,58.57,FL-6
2016,D,51.47,FL-7
2016,R,63.11,FL-8
2016,D,57.48,FL-9
2016,D,64.87,FL-10
2016,R,65.37,FL-11
2016,R,68.59,FL-12
2016,D,51.9,FL-13
2016,D,61.79,FL-14
2016,R,57.46,FL-15
2016,R,59.77,FL-16
2016,R,61.81,FL-17
2016,R,53.6,FL-18
2016,R,65.87,FL-19
2016,D,80.31,FL-20
2016,D,62.71,FL-21
2016,D,58.94,FL-22
2016,D,56.7,FL-23
2016,D,,FL-24
2016,R,62.36,FL-25
2016,R,52.95,FL-26
2016,R,54.89,FL-27
2018,R,67.06,FL-1
2018,R,67.44,FL-2
2018,R,57.62,FL-3
2018,R,65.16,FL-4
2018,D,66.78,FL-5
2018,R,56.31,FL-6
2018,D,57.69,FL-7
2018,R,60.5,FL-8
2018,D,58.02,FL-9
2018,R,65.14,FL-11
2018,R,58.09,FL-12
2018,D,57.64,FL-13
2018,R,53.02,FL-15
2018,R,54.56,FL-16
2018,R,62.26,FL-17
2018,R,54.3,FL-18
2018,R,62.27,FL-19
2018,D,99.92,FL-20
2018,D,62.02,FL-22
2018,D,58.48,FL-23
2018,R,60.45,FL-25
2018,D,50.87,FL-26
2018,D,51.76,FL-27
2018,D,100.0,FL-10
2018,D,100.0,FL-14
2018,D,100.0,FL-21
2018,D,100.0,FL-24
2014,R,60.91,GA-1
2014,D,59.15,GA-2
2014,R,100.0,GA-3
2014,D,99.93,GA-4
2014,D,100.0,GA-5
2014,R,66.04,GA-6
2014,R,65.39,GA-7
2014,R,99.91,GA-8
2014,R,80.67,GA-9
2014,R,66.52,GA-10
2014,R,100.0,GA-11
2014,R,54.75,GA-12
2014,D,100.0,GA-13
2014,R,100.0,GA-14
2016,R,99.59,GA-1
2016,D,61.23,GA-2
2016,R,68.35,GA-3
2016,D,75.72,GA-4
2016,D,84.44,GA-5
2016,R,61.68,GA-6
2016,R,60.38,GA-7
2016,R,67.64,GA-8
2016,R,100.0,GA-9
2016,R,99.55,GA-10
2016,R,67.41,GA-11
2016,R,61.6,GA-12
2016,D,100.0,GA-13
2016,R,100.0,GA-14
2018,R,57.74,GA-1
2018,D,59.65,GA-2
2018,R,65.53,GA-3
2018,D,78.85,GA-4
2018,D,100.0,GA-5
2018,R,50.07,GA-7
2018,R,62.89,GA-10
2018,R,61.79,GA-11
2018,R,76.5,GA-14
2018,D,50.51,GA-6
2018,R,100.0,GA-8
2018,R,79.51,GA-9
2018,R,59.48,GA-12
2018,D,76.18,GA-13
2014,D,51.24,HI-1
2014,D,75.76,HI-2
2016,D,68.1,HI-1
2016,D,76.23,HI-2
2018,D,73.1,HI-1
2018,D,77.36,HI-2
2014,R,65.01,ID-1
2014,R,61.36,ID-2
2016,R,68.17,ID-1
2016,R,62.93,ID-2
2018,R,62.75,ID-1
2018,R,60.67,ID-2
2014,D,73.09,IL-1
2014,D,78.49,IL-2
2014,D,64.56,IL-3
2014,D,78.15,IL-4
2014,D,63.23,IL-5
2014,R,67.14,IL-6
2014,D,85.1,IL-7
2014,D,55.73,IL-8
2014,D,66.06,IL-9
2014,R,51.3,IL-10
2014,D,53.46,IL-11
2014,R,52.46,IL-12
2014,R,58.66,IL-13
2014,R,65.41,IL-14
2014,R,74.92,IL-15
2014,R,70.62,IL-16
2014,D,55.46,IL-17
2014,R,74.72,IL-18
2016,D,74.09,IL-1
2016,D,79.81,IL-2
2016,D,99.96,IL-3
2016,D,100.0,IL-4
2016,D,67.84,IL-5
2016,R,59.22,IL-6
2016,D,84.24,IL-7
2016,D,58.31,IL-8
2016,D,66.47,IL-9
2016,D,52.6,IL-10
2016,D,60.45,IL-11
2016,R,54.31,IL-12
2016,R,59.66,IL-13
2016,R,59.3,IL-14
2016,R,100.0,IL-15
2016,R,99.95,IL-16
2016,D,60.31,IL-17
2016,R,72.13,IL-18
2018,D,73.51,IL-1
2018,D,81.06,IL-2
2018,D,73.01,IL-3
2018,D,86.59,IL-4
2018,D,76.66,IL-5
2018,D,53.58,IL-6
2018,D,87.62,IL-7
2018,D,65.97,IL-8
2018,D,73.49,IL-9
2018,D,65.59,IL-10
2018,D,63.84,IL-11
2018,R,51.57,IL-12
2018,R,50.38,IL-13
2018,D,52.5,IL-14
2018,R,70.93,IL-15
2018,R,59.12,IL-16
2018,D,62.09,IL-17
2018,R,67.23,IL-18
2014,D,60.85,IN-1
2014,R,58.94,IN-2
2014,R,65.79,IN-3
2014,R,66.87,IN-4
2014,R,65.21,IN-5
2014,R,65.9,IN-6
2014,D,54.73,IN-7
2014,R,60.32,IN-8
2014,R,62.18,IN-9
2016,D,81.51,IN-1
2016,R,59.26,IN-2
2016,R,70.11,IN-3
2016,R,64.59,IN-4
2016,R,61.46,IN-5
2016,R,69.14,IN-6
2016,D,59.98,IN-7
2016,R,63.69,IN-8
2016,R,54.14,IN-9
2018,D,65.09,IN-1
2018,R,54.83,IN-2
2018,R,64.73,IN-3
2018,R,64.06,IN-4
2018,R,56.76,IN-5
2018,R,63.82,IN-6
2018,D,64.86,IN-7
2018,R,64.43,IN-8
2018,R,56.48,IN-9
2014,R,51.07,IA-1
2014,D,52.48,IA-2
2014,R,52.76,IA-3
2014,R,61.62,IA-4
2016,R,53.74,IA-1
2016,D,53.66,IA-2
2016,R,53.45,IA-3
2016,R,61.23,IA-4
2018,D,50.96,IA-1
2018,D,54.79,IA-2
2018,D,49.3,IA-3
2018,R,50.34,IA-4
2014,R,67.97,KS-1
2014,R,57.04,KS-2
2014,R,60.02,KS-3
2014,R,66.66,KS-4
2016,R,65.9,KS-1
2016,R,60.94,KS-2
2016,R,51.3,KS-3
2016,R,60.67,KS-4
2018,R,68.15,KS-1
2018,R,47.64,KS-2
2018,D,53.57,KS-3
2018,R,59.44,KS-4
2014,R,73.12,KY-1
2014,R,69.19,KY-2
2014,D,63.49,KY-3
2014,R,67.73,KY-4
2014,R,78.25,KY-5
2014,R,59.99,KY-6
2016,R,72.56,KY-1
2016,R,100.0,KY-2
2016,D,63.5,KY-3
2016,R,71.32,KY-4
2016,R,100.0,KY-5
2016,R,61.09,KY-6
2018,R,68.59,KY-1
2018,R,66.72,KY-2
2018,D,62.07,KY-3
2018,R,62.24,KY-4
2018,R,78.94,KY-5
2018,R,51.0,KY-6
2014,R,77.56,LA-1
2014,D,68.69,LA-2
2014,R,78.67,LA-3
2014,R,73.43,LA-4
2014,R,41.28,LA-5
2014,R,41.82,LA-6
2016,R,74.56,LA-1
2016,D,69.75,LA-2
2016,R,27.5,LA-3
2016,R,32.51,LA-4
2016,R,81.57,LA-5
2016,R,62.67,LA-6
2018,R,71.5,LA-1
2018,D,80.59,LA-2
2018,R,55.65,LA-3
2018,R,64.24,LA-4
2018,R,66.54,LA-5
2018,R,69.47,LA-6
2014,D,57.98,ME-1
2014,R,45.19,ME-2
2016,D,55.92,ME-1
2016,R,52.86,ME-2
2018,D,58.82,ME-1
2018,D,49.48,ME-2
2014,R,70.42,MD-1
2014,D,61.32,MD-2
2014,D,59.55,MD-3
2014,D,70.18,MD-4
2014,D,64.03,MD-5
2014,D,49.7,MD-6
2014,D,69.94,MD-7
2014,D,60.74,MD-8
2016,R,66.99,MD-1
2016,D,62.1,MD-2
2016,D,63.19,MD-3
2016,D,74.07,MD-4
2016,D,67.38,MD-5
2016,D,55.96,MD-6
2016,D,74.89,MD-7
2016,D,60.57,MD-8
2018,R,59.99,MD-1
2018,D,66.01,MD-2
2018,D,69.11,MD-3
2018,D,78.05,MD-4
2018,D,70.28,MD-5
2018,D,58.98,MD-6
2018,D,76.44,MD-7
2018,D,68.17,MD-8
2014,D,73.81,MA-1
2014,D,71.94,MA-2
2014,D,60.27,MA-3
2014,D,72.13,MA-4
2014,D,71.0,MA-5
2014,D,53.65,MA-6
2014,D,80.72,MA-7
2014,D,76.65,MA-8
2014,D,53.08,MA-9
2016,D,67.43,MA-1
2016,D,75.85,MA-2
2016,D,65.73,MA-3
2016,D,67.25,MA-4
2016,D,74.1,MA-5
2016,D,74.31,MA-6
2016,D,81.82,MA-7
2016,D,68.44,MA-8
2016,D,52.47,MA-9
2018,D,97.64,MA-1
2018,D,67.16,MA-2
2018,D,62.0,MA-3
2018,D,97.72,MA-4
2018,D,75.88,MA-5
2018,D,65.19,MA-6
2018,D,98.25,MA-7
2018,D,98.42,MA-8
2018,D,59.38,MA-9
2014,R,52.14,MI-1
2014,R,63.63,MI-2
2014,R,57.91,MI-3
2014,R,56.49,MI-4
2014,D,66.71,MI-5
2014,R,55.89,MI-6
2014,R,53.45,MI-7
2014,R,54.6,MI-8
2014,D,60.39,MI-9
2014,R,68.68,MI-10
2014,R,55.9,MI-11
2014,D,65.01,MI-12
2014,D,79.49,MI-13
2014,D,77.79,MI-14
2016,R,54.9,MI-1
2016,R,62.63,MI-2
2016,R,59.45,MI-3
2016,R,61.62,MI-4
2016,D,61.16,MI-5
2016,R,58.64,MI-6
2016,R,55.05,MI-7
2016,R,56.03,MI-8
2016,D,57.91,MI-9
2016,R,63.09,MI-10
2016,R,52.93,MI-11
2016,D,64.34,MI-12
2016,D,77.1,MI-13
2016,D,78.51,MI-14
2018,R,56.32,MI-1
2018,R,55.32,MI-2
2018,R,54.42,MI-3
2018,R,62.62,MI-4
2018,D,59.51,MI-5
2018,R,50.24,MI-6
2018,R,53.8,MI-7
2018,D,50.61,MI-8
2018,D,59.67,MI-9
2018,R,60.32,MI-10
2018,D,51.84,MI-11
2018,D,68.08,MI-12
2018,D,84.24,MI-13
2018,D,80.88,MI-14
2014,D,54.19,MN-1
2014,R,56.04,MN-2
2014,R,62.14,MN-3
2014,D,61.19,MN-4
2014,D,70.79,MN-5
2014,R,56.29,MN-6
2014,D,54.21,MN-7
2014,D,48.51,MN-8
2016,D,50.34,MN-1
2016,R,46.95,MN-2
2016,R,56.7,MN-3
2016,D,57.76,MN-4
2016,D,69.07,MN-5
2016,R,65.58,MN-6
2016,D,52.47,MN-7
2016,D,50.17,MN-8
2018,R,50.13,MN-1
2018,D,52.66,MN-2
2018,D,55.61,MN-3
2018,D,65.99,MN-4
2018,D,77.97,MN-5
2018,R,61.11,MN-6
2018,D,52.1,MN-7
2018,R,50.72,MN-8
2014,R,67.91,MS-1
2014,D,67.74,MS-2
2014,R,68.89,MS-3
2014,R,69.92,MS-4
2016,R,68.72,MS-1
2016,D,67.11,MS-2
2016,R,66.2,MS-3
2016,R,65.04,MS-4
2018,R,66.91,MS-1
2018,D,71.79,MS-2
2018,R,62.3,MS-3
2018,R,68.22,MS-4
2014,D,72.98,MO-1
2014,R,64.12,MO-2
2014,R,68.33,MO-3
2014,R,68.08,MO-4
2014,D,51.59,MO-5
2014,R,66.65,MO-6
2014,R,63.46,MO-7
2014,R,66.65,MO-8
2016,D,75.47,MO-1
2016,R,58.54,MO-2
2016,R,67.84,MO-3
2016,R,67.83,MO-4
2016,D,58.83,MO-5
2016,R,68.02,MO-6
2016,R,67.54,MO-7
2016,R,74.4,MO-8
2018,D,80.1,MO-1
2018,R,51.18,MO-2
2018,R,65.08,MO-3
2018,R,64.82,MO-4
2018,D,61.67,MO-5
2018,R,65.42,MO-6
2018,R,66.23,MO-7
2018,R,73.39,MO-8
2014,R,55.41,MT-0
2016,R,56.19,MT-0
2018,R,50.88,MT-0
2014,R,68.82,NE-1
2014,D,48.9,NE-2
2014,R,75.39,NE-3
2016,R,69.45,NE-1
2016,R,48.93,NE-2
2016,R,100.0,NE-3
2018,R,60.36,NE-1
2018,R,51.0,NE-2
2018,R,76.72,NE-3
2014,D,56.84,NV-1
2014,R,65.73,NV-2
2014,R,60.75,NV-3
2014,R,48.53,NV-4
2016,D,61.87,NV-1
2016,R,58.3,NV-2
2016,D,47.23,NV-3
2016,D,48.52,NV-4
2018,D,66.17,NV-1
2018,R,58.23,NV-2
2018,D,51.89,NV-3
2018,D,51.93,NV-4
2014,R,51.71,NH-1
2014,D,54.87,NH-2
2016,D,44.29,NH-1
2016,D,49.75,NH-2
2018,D,53.56,NH-1
2018,D,55.54,NH-2
2014,D,57.43,NJ-1
2014,R,61.46,NJ-2
2014,R,53.99,NJ-3
2014,R,67.96,NJ-4
2014,R,55.41,NJ-5
2014,D,59.93,NJ-6
2014,R,59.25,NJ-7
2014,D,77.35,NJ-8
2014,D,68.49,NJ-9
2014,D,85.38,NJ-10
2014,R,62.57,NJ-11
2014,D,60.95,NJ-12
2016,D,59.98,NJ-1
2016,R,59.21,NJ-2
2016,R,59.32,NJ-3
2016,R,63.72,NJ-4
2016,D,51.11,NJ-5
2016,D,63.73,NJ-6
2016,R,54.08,NJ-7
2016,D,77.04,NJ-8
2016,D,69.73,NJ-9
2016,D,85.67,NJ-10
2016,R,58.0,NJ-11
2016,D,62.86,NJ-12
2018,D,64.39,NJ-1
2018,D,52.9,NJ-2
2018,D,50.01,NJ-3
2018,R,55.4,NJ-4
2018,D,56.17,NJ-5
2018,D,63.63,NJ-6
2018,D,51.74,NJ-7
2018,D,78.12,NJ-8
2018,D,70.27,NJ-9
2018,D,87.56,NJ-10
2018,D,56.77,NJ-11
2018,D,68.68,NJ-12
2014,D,58.59,NM-1
2014,R,64.43,NM-2
2014,D,61.52,NM-3
2016,D,65.15,NM-1
2016,R,62.72,NM-2
2016,D,62.42,NM-3
2018,D,59.13,NM-1
2018,D,50.93,NM-2
2018,D,63.38,NM-3
2014,R,43.61,NY-1
2014,R,52.29,NY-2
2014,D,46.97,NY-3
2014,D,47.79,NY-4
2014,D,80.2,NY-5
2014,D,63.68,NY-6
2014,D,68.8,NY-7
2014,D,74.09,NY-8
2014,D,69.87,NY-9
2014,D,65.31,NY-10
2014,R,43.51,NY-11
2014,D,66.8,NY-12
2014,D,69.08,NY-13
2014,D,67.34,NY-14
2014,D,86.71,NY-15
2014,D,64.97,NY-16
2014,D,49.15,NY-17
2014,D,40.83,NY-18
2014,R,48.55,NY-19
2014,D,48.8,NY-20
2014,R,43.85,NY-21
2014,R,64.76,NY-22
2014,R,49.53,NY-23
2014,R,46.15,NY-24
2014,D,44.41,NY-25
2014,D,57.87,NY-26
2014,R,50.74,NY-27
2016,R,46.38,NY-1
2016,R,49.62,NY-2
2016,D,48.94,NY-3
2016,D,52.99,NY-4
2016,D,79.38,NY-5
2016,D,62.49,NY-6
2016,D,80.11,NY-7
2016,D,78.89,NY-8
2016,D,77.43,NY-9
2016,D,67.58,NY-10
2016,R,48.71,NY-11
2016,D,73.7,NY-12
2016,D,81.18,NY-13
2016,D,70.13,NY-14
2016,D,85.54,NY-15
2016,D,69.14,NY-16
2016,D,59.53,NY-17
2016,D,44.17,NY-18
2016,R,41.61,NY-19
2016,D,56.67,NY-20
2016,R,52.87,NY-21
2016,R,38.26,NY-22
2016,R,46.24,NY-23
2016,R,47.66,NY-24
2016,D,50.14,NY-25
2016,D,62.84,NY-26
2016,R,49.52,NY-27
2018,D,46.0,NY-1
2018,R,46.67,NY-2
2018,D,56.14,NY-3
2018,D,60.23,NY-4
2018,D,99.4,NY-5
2018,D,84.5,NY-6
2018,D,85.27,NY-7
2018,D,89.19,NY-8
2018,D,82.23,NY-9
2018,D,76.85,NY-10
2018,D,50.4,NY-11
2018,D,81.73,NY-12
2018,D,89.85,NY-13
2018,D,78.13,NY-14
2018,D,94.03,NY-15
2018,D,94.25,NY-16
2018,D,82.5,NY-17
2018,D,50.21,NY-18
2018,D,47.08,NY-19
2018,D,60.65,NY-20
2018,R,49.49,NY-21
2018,D,46.18,NY-22
2018,R,47.73,NY-23
2018,D,44.5,NY-24
2018,D,54.78,NY-25
2018,D,68.05,NY-26
2018,D,44.92,NY-27
2014,D,73.38,NC-1
2014,R,58.83,NC-2
2014,R,67.81,NC-3
2014,D,74.75,NC-4
2014,R,61.02,NC-5
2014,R,58.67,NC-6
2014,R,59.35,NC-7
2014,R,64.86,NC-8
2014,R,93.9,NC-9
2014,R,61.02,NC-10
2014,R,62.9,NC-11
2014,D,75.35,NC-12
2014,R,57.31,NC-13
2016,D,68.62,NC-1
2016,R,56.71,NC-2
2016,R,67.2,NC-3
2016,D,68.22,NC-4
2016,R,58.4,NC-5
2016,R,59.23,NC-6
2016,R,60.91,NC-7
2016,R,58.77,NC-8
2016,R,58.18,NC-9
2016,R,63.14,NC-10
2016,R,64.09,NC-11
2016,D,67.02,NC-12
2016,R,56.1,NC-13
2018,D,69.85,NC-1
2018,R,51.27,NC-2
2018,R,100.0,NC-3
2018,D,72.37,NC-4
2018,R,57.03,NC-5
2018,R,56.52,NC-6
2018,R,55.54,NC-7
2018,R,55.34,NC-8
2018,R,49.25,NC-9
2018,R,59.29,NC-10
2018,R,59.21,NC-11
2018,D,73.07,NC-12
2018,R,51.54,NC-13
2014,R,55.54,ND-0
2016,R,69.13,ND-0
2018,R,60.2,ND-0
2014,R,63.22,OH-1
2014,R,65.96,OH-2
2014,D,64.06,OH-3
2014,R,67.67,OH-4
2014,R,66.46,OH-5
2014,R,58.23,OH-6
2014,R,100.0,OH-7
2014,R,67.19,OH-8
2014,D,67.74,OH-9
2014,R,65.18,OH-10
2014,D,79.45,OH-11
2014,R,68.11,OH-12
2014,D,68.49,OH-13
2014,R,63.26,OH-14
2014,R,66.02,OH-15
2014,R,63.74,OH-16
2016,R,59.19,OH-1
2016,R,65.0,OH-2
2016,D,68.57,OH-3
2016,R,67.99,OH-4
2016,R,70.9,OH-5
2016,R,70.68,OH-6
2016,R,64.03,OH-7
2016,R,68.76,OH-8
2016,D,68.69,OH-9
2016,R,64.09,OH-10
2016,D,80.25,OH-11
2016,R,66.55,OH-12
2016,D,67.73,OH-13
2016,R,62.58,OH-14
2016,R,66.16,OH-15
2016,R,65.33,OH-16
2018,R,51.32,OH-1
2018,R,57.55,OH-2
2018,D,73.61,OH-3
2018,R,65.26,OH-4
2018,R,62.26,OH-5
2018,R,69.25,OH-6
2018,R,58.74,OH-7
2018,R,66.58,OH-8
2018,D,67.79,OH-9
2018,R,55.92,OH-10
2018,D,82.24,OH-11
2018,R,51.42,OH-12
2018,D,60.99,OH-13
2018,R,55.25,OH-14
2018,R,58.33,OH-15
2018,R,56.73,OH-16
2014,R,100.0,OK-1
2014,R,70.03,OK-2
2014,R,78.62,OK-3
2014,R,70.8,OK-4
2014,R,60.1,OK-5
2016,R,100.0,OK-1
2016,R,70.61,OK-2
2016,R,78.29,OK-3
2016,R,69.63,OK-4
2016,R,57.09,OK-5
2018,R,59.3,OK-1
2018,R,65.02,OK-2
2018,R,73.87,OK-3
2018,R,63.06,OK-4
2018,D,50.7,OK-5
2014,D,57.31,OR-1
2014,R,70.41,OR-2
2014,D,72.33,OR-3
2014,D,58.55,OR-4
2014,D,53.7,OR-5
2016,D,59.61,OR-1
2016,R,71.69,OR-2
2016,D,71.84,OR-3
2016,D,55.49,OR-4
2016,D,53.47,OR-5
2018,D,63.65,OR-1
2018,R,56.3,OR-2
2018,D,72.6,OR-3
2018,D,55.97,OR-4
2018,D,55.01,OR-5
2014,D,82.84,PA-1
2014,D,87.7,PA-2
2014,R,60.63,PA-3
2014,R,74.54,PA-4
2014,R,63.6,PA-5
2014,R,56.29,PA-6
2014,R,62.04,PA-7
2014,R,61.9,PA-8
2014,R,63.52,PA-9
2014,R,62.58,PA-10
2014,R,66.31,PA-11
2014,R,59.28,PA-12
2014,D,67.12,PA-13
2014,D,100.0,PA-14
2014,R,100.0,PA-15
2014,R,57.72,PA-16
2014,D,56.76,PA-17
2014,R,100.0,PA-18
2016,D,82.2,PA-1
2016,D,90.18,PA-2
2016,R,100.0,PA-3
2016,R,66.06,PA-4
2016,R,67.16,PA-5
2016,R,57.24,PA-6
2016,R,59.47,PA-7
2016,R,54.43,PA-8
2016,R,63.34,PA-9
2016,R,70.17,PA-10
2016,R,63.67,PA-11
2016,R,61.76,PA-12
2016,D,100.0,PA-13
2016,D,74.37,PA-14
2016,R,58.39,PA-15
2016,R,53.76,PA-16
2016,D,53.8,PA-17
2016,R,100.0,PA-18
2018,R,51.26,PA-1
2018,D,79.02,PA-2
2018,D,93.38,PA-3
2018,D,63.52,PA-4
2018,D,65.19,PA-5
2018,D,58.88,PA-6
2018,D,53.49,PA-7
2018,D,54.64,PA-8
2018,R,59.75,PA-9
2018,R,51.32,PA-10
2018,R,58.98,PA-11
2018,R,66.04,PA-12
2018,R,70.49,PA-13
2018,R,57.91,PA-14
2018,R,67.84,PA-15
2018,R,51.58,PA-16
2018,D,56.26,PA-17
2018,D,100.0,PA-18
2014,D,59.49,RI-1
2014,D,62.22,RI-2
2016,D,64.5,RI-1
2016,D,58.09,RI-2
2018,D,66.69,RI-1
2018,D,63.49,RI-2
2014,R,93.41,SC-1
2014,R,62.45,SC-2
2014,R,71.18,SC-3
2014,R,84.84,SC-4
2014,R,58.85,SC-5
2014,D,72.51,SC-6
2014,R,59.95,SC-7
2016,R,58.56,SC-1
2016,R,60.25,SC-2
2016,R,72.84,SC-3
2016,R,67.19,SC-4
2016,R,59.22,SC-5
2016,D,70.09,SC-6
2016,R,60.96,SC-7
2018,D,50.6,SC-1
2018,R,56.25,SC-2
2018,R,67.79,SC-3
2018,R,59.57,SC-4
2018,R,57.03,SC-5
2018,D,70.13,SC-6
2018,R,59.56,SC-7
2014,R,66.53,SD-0
2016,R,64.1,SD-0
2018,R,60.35,SD-0
2014,R,82.84,TN-1
2014,R,72.49,TN-2
2014,R,62.36,TN-3
2014,R,58.32,TN-4
2014,D,62.32,TN-5
2014,R,71.09,TN-6
2014,R,70.0,TN-7
2014,R,70.83,TN-8
2014,D,74.97,TN-9
2016,R,78.37,TN-1
2016,R,75.65,TN-2
2016,R,66.39,TN-3
2016,R,65.03,TN-4
2016,D,62.55,TN-5
2016,R,71.09,TN-6
2016,R,72.22,TN-7
2016,R,68.75,TN-8
2016,D,78.75,TN-9
2018,R,77.06,TN-1
2018,R,65.94,TN-2
2018,R,63.68,TN-3
2018,R,63.38,TN-4
2018,D,67.85,TN-5
2018,R,69.47,TN-6
2018,R,66.86,TN-7
2018,R,67.66,TN-8
2018,D,79.98,TN-9
2014,R,77.47,TX-1
2014,R,67.95,TX-2
2014,R,82.01,TX-3
2014,R,100.0,TX-4
2014,R,85.36,TX-5
2014,R,61.15,TX-6
2014,R,63.26,TX-7
2014,R,89.32,TX-8
2014,D,90.82,TX-9
2014,R,62.18,TX-10
2014,R,90.27,TX-11
2014,R,71.31,TX-12
2014,R,84.32,TX-13
2014,R,61.85,TX-14
2014,D,54.01,TX-15
2014,D,67.49,TX-16
2014,R,64.58,TX-17
2014,D,71.78,TX-18
2014,R,77.18,TX-19
2014,D,75.66,TX-20
2014,R,71.78,TX-21
2014,R,66.55,TX-22
2014,R,49.78,TX-23
2014,R,65.04,TX-24
2014,R,60.22,TX-25
2014,R,82.66,TX-26
2014,R,63.6,TX-27
2014,D,82.1,TX-28
2014,D,89.55,TX-29
2014,D,87.95,TX-30
2014,R,64.05,TX-31
2014,R,61.82,TX-32
2014,D,86.51,TX-33
2014,D,59.47,TX-34
2014,D,62.48,TX-35
2014,R,75.96,TX-36
2016,R,73.9,TX-1
2016,R,60.63,TX-2
2016,R,61.2,TX-3
2016,R,87.99,TX-4
2016,R,80.61,TX-5
2016,R,58.34,TX-6
2016,R,56.17,TX-7
2016,R,100.0,TX-8
2016,D,80.64,TX-9
2016,R,57.33,TX-10
2016,R,89.5,TX-11
2016,R,69.4,TX-12
2016,R,89.97,TX-13
2016,R,61.86,TX-14
2016,D,57.31,TX-15
2016,D,85.73,TX-16
2016,R,60.81,TX-17
2016,D,73.5,TX-18
2016,R,86.65,TX-19
2016,D,79.74,TX-20
2016,R,57.01,TX-21
2016,R,59.52,TX-22
2016,R,48.29,TX-23
2016,R,56.18,TX-24
2016,R,58.35,TX-25
2016,R,66.36,TX-26
2016,R,61.69,TX-27
2016,D,66.19,TX-28
2016,D,72.47,TX-29
2016,D,77.92,TX-30
2016,R,58.35,TX-31
2016,R,71.07,TX-32
2016,D,73.71,TX-33
2016,D,62.67,TX-34
2016,D,63.07,TX-35
2016,R,88.61,TX-36
2018,R,72.26,TX-1
2018,R,52.84,TX-2
2018,R,54.24,TX-3
2018,R,75.7,TX-4
2018,R,62.34,TX-5
2018,R,53.1,TX-6
2018,D,52.53,TX-7
2018,R,73.44,TX-8
2018,D,89.06,TX-9
2018,R,51.06,TX-10
2018,R,80.14,TX-11
2018,R,64.27,TX-12
2018,R,81.54,TX-13
2018,R,59.24,TX-14
2018,D,59.67,TX-15
2018,D,68.46,TX-16
2018,R,56.81,TX-17
2018,D,75.25,TX-18
2018,R,75.23,TX-19
2018,D,80.85,TX-20
2018,R,50.24,TX-21
2018,R,51.36,TX-22
2018,R,49.17,TX-23
2018,R,50.61,TX-24
2018,R,53.53,TX-25
2018,R,59.38,TX-26
2018,R,60.32,TX-27
2018,D,84.39,TX-28
2018,D,75.06,TX-29
2018,D,91.05,TX-30
2018,R,50.59,TX-31
2018,D,52.27,TX-32
2018,D,76.16,TX-33
2018,D,59.99,TX-34
2018,D,71.25,TX-35
2018,R,72.56,TX-36
2014,R,64.78,UT-1
2014,R,60.82,UT-2
2014,R,72.21,UT-3
2014,R,50.92,UT-4
2016,R,65.93,UT-1
2016,R,61.6,UT-2
2016,R,73.46,UT-3
2016,R,53.76,UT-4
2018,R,61.61,UT-1
2018,R,56.1,UT-2
2018,R,67.55,UT-3
2018,D,50.12,UT-4
2014,D,64.41,VT-0
2016,D,82.51,VT-0
2018,D,69.2,VT-0
2014,R,62.9,VA-1
2014,R,58.68,VA-2
2014,D,94.43,VA-3
2014,R,60.15,VA-4
2014,R,60.86,VA-5
2014,R,74.51,VA-6
2014,R,60.83,VA-7
2014,D,63.08,VA-8
2014,R,72.15,VA-9
2014,R,56.49,VA-10
2014,D,56.86,VA-11
2016,R,59.86,VA-1
2016,R,61.33,VA-2
2016,D,66.7,VA-3
2016,D,57.73,VA-4
2016,R,58.24,VA-5
2016,R,66.63,VA-6
2016,R,57.51,VA-7
2016,D,68.39,VA-8
2016,R,68.59,VA-9
2016,R,52.69,VA-10
2016,D,87.88,VA-11
2018,R,55.18,VA-1
2018,D,51.05,VA-2
2018,D,91.22,VA-3
2018,D,62.58,VA-4
2018,R,53.18,VA-5
2018,R,59.69,VA-6
2018,D,50.34,VA-7
2018,D,76.1,VA-8
2018,R,65.16,VA-9
2018,D,56.11,VA-10
2018,D,71.11,VA-11
2014,D,55.04,WA-1
2014,D,60.57,WA-2
2014,R,61.53,WA-3
2014,R,50.81,WA-4
2014,R,60.68,WA-5
2014,D,62.98,WA-6
2014,D,80.97,WA-7
2014,R,63.27,WA-8
2014,D,70.83,WA-9
2014,D,54.7,WA-10
2016,D,55.42,WA-1
2016,D,64.02,WA-2
2016,R,61.75,WA-3
2016,R,57.64,WA-4
2016,R,59.64,WA-5
2016,D,61.53,WA-6
2016,D,55.98,WA-7
2016,R,60.2,WA-8
2016,D,72.89,WA-9
2016,D,58.67,WA-10
2018,D,59.27,WA-1
2018,D,71.29,WA-2
2018,R,52.67,WA-3
2018,R,62.82,WA-4
2018,R,54.76,WA-5
2018,D,63.89,WA-6
2018,D,83.56,WA-7
2018,D,52.42,WA-8
2018,D,67.9,WA-9
2018,D,61.54,WA-10
2014,R,63.9,WV-1
2014,R,47.08,WV-2
2014,R,55.35,WV-3
2016,R,68.97,WV-1
2016,R,58.18,WV-2
2016,R,67.88,WV-3
2018,R,64.58,WV-1
2018,R,53.96,WV-2
2018,R,56.37,WV-3
2014,R,63.27,WI-1
2014,D,68.4,WI-2
2014,D,56.46,WI-3
2014,D,70.24,WI-4
2014,R,69.45,WI-5
2014,R,56.77,WI-6
2014,R,59.28,WI-7
2014,R,65.01,WI-8
2016,R,64.95,WI-1
2016,D,68.72,WI-2
2016,D,98.86,WI-3
2016,D,76.74,WI-4
2016,R,66.7,WI-5
2016,R,57.15,WI-6
2016,R,61.67,WI-7
2016,R,62.65,WI-8
2018,R,54.56,WI-1
2018,D,97.42,WI-2
2018,D,59.65,WI-3
2018,D,75.61,WI-4
2018,R,61.93,WI-5
2018,R,55.47,WI-6
2018,R,60.11,WI-7
2018,R,63.69,WI-8
2014,R,66.05,WY-0
2016,R,60.35,WY-0
2018,R,63.59,WY-0
